id,lang,question,articles,answer,supported (1/0),note
p11-ar,ar,ما هي فوائد التأخير التي يلتزم بها المدين إذا تأخر في سداد مبلغ نقدي معلوم المقدار؟,"[Art. 226] (الفصل الثانى: التنفيذ بطريق التعويض)
Arabic: إذا كان محل الالتزام مبلغاً من الن قود وكان معلوم المقدار وقت الطلب وتأخر المدين في الوفاء به، كان ملزما بأن يدفع للدائن على سبيل التعويض عن التأخر فوائد قدرها أربعة في المائة في المسائل المدنية وخمسة في المائة في المسائل التجارية .وتسرى هذه الفوائد من تاريخ المطالبة القضائية ا أن لم يحدد الاتفاق أو العرف التجاري تاريخا آخر لسريانها، وهذا كله ما لم ينص القانون على غيره.
English: When the object of an obligation is the payment of a sum of money of which the amount is known at the time when the claim is made, the debtor shall be bound, in case of delay in payment, to pay to the creditor, as damages for the delay, interest at the rate of four percent in civil matters and five percent in commercial matters. Such interest shall run from the date of the claim in court, unless the contract or commercial usage fixes another date. This Article shall apply, unless otherwise provided in law.

[Art. 230] (الفصل الثانى: التنفيذ بطريق التعويض)
Arabic: عند توزيع ثمن الشيء الذي بيع جبرا لا يكون الدائنون المقبولون في التوزيع مستحقين بعد رسو المزاد لفوائد تأخير عن الأنصبة التي تقررت لهم في هذا التوزيع إلا إذا كان الراسي عليه المزاد ملزما بدفع فوائد الثمن، أو كانت خزانة المحكمة ملزمة بهذه الفوائد بسبب إيداع الثمن فيها، على ألا يتجاوز ما يتقاضاه الدائنون من فوائد في هذه الحالة ما هو مستحق منها قبل الراسي عليه المزاد أو خزانة المحكمة. وهذه الفوائد تقسم بين الدائنين جميعا قسمة غرماء.
English: In a distribution of the price of expropriated property, creditors admitted to the distribution will only be entitled, as from the date of sale by auction, to moratory interest on amounts allocated to them in the distribution, if the purchaser is bound to pay interest on the price, or if the Caisse du Tribunal is bound to pay interest as a result of the deposit of the price at the Caisse, and only to the extent of interest due by the purchaser or by the Caisse, which interest will be distributed amongst all the creditors pro rata.

[Art. 228] (الفصل الثانى: التنفيذ بطريق التعويض)
Arabic: لا يشترط لاستحقاق فوائد التأخير قانونية كانت أو اتفاقية أن يثبت الدائن ضرراً لحقه من هذا التأخير.
English: Moratory interest, whether fixed by law or by agreement, is due without the creditor being obliged to prove loss as a result of delay.

[Art. 362] (الفصل الثاني: انقضاء الالتزام بما يعادل الوفاء / المقاصة)
Arabic: (١) للمدين حق المقاصة بين ما هو مستحق عليه لدائنه وما هو مستحق له قبل هذا الدائن ، ولو اختلف سبب الدينين ، إذا كان موضوع كمل منهما نقودا أو مثليات متحدة في النوع والجودة وكان كل منهما خاليا من التراع مستحق الأداء ، صالحا للمطالبة به قضاء.
(٢) ولا يمنع المقاصة أن يتأخر ميعاد الوفاء لمهلة منحها القاضي أو تبرع بها الدائن.
English: A debtor has a right to compensation of that which he owes to his creditor against that which such creditor owes him, even when the causes giving rise to the two debts are different, provided that they are both for a sum of money or fungibles of a like nature and quality, that they are not in dispute and that they are due and may be sued for. Postponement of payment by reason of a delay granted by the Judge or by the creditor does not prevent compensation.

[Art. 568] (الفصل الأول: الإيجار / أثار الإيجار)
Arabic: (١) إذا تأخر المؤجر بعد أعذاره عن القيام بتنفيذ الالتزامات المبنية في المادة السابقة ، جاز للمستأجر أن يحصل على ترخيص من القضاء في إجراء ذلك بنفسه وفي استيفاء ما أنفقه خصما من الأجرة . وهذا دون إخلال بحقه في طلب الفسخ أو إنقاص الأجرة.
(٢) ويجوز للمستأجر دون حاجة إلى ترخيص من القضاء أن يقوم بإجراء الترميمات المستعجلة أو الترميمات البسيطة مما يلتزم به المؤجر ، سواء كان العيب موجودا وقت بدء الانتفاع أو طرأ بعد ذلك إذا لم يقم المؤجر بعد أعذاره بتنفيذ هذا الالتزام في ميعاد مناسب ، على أن يستوفي المستأجر ما أنفقه خصما من الأجرة.
English: If a lessor having been summoned, delays performance of the obligations mentioned in the preceding article, the lessee may, without prejudice to his right to claim resiliation of the lease or reduction of rent, obtain authority of the court to perform them himself and deduct the cost from the rent. In the case of immediate repairs or minor repairs for which the lessor is responsible, whether resulting from a defect existing at the time the premises were taken over by the lessee or happening subsequently, the lessee may, without the authority of the court, carry them out and deduct the cost thereof from the rent, if the lessor, having been summoned to do so, does not carry them out in a reasonable time.","إذا تأخر المدين في سداد مبلغ نقدي معلوم المقدار، كان ملزماً بدفع فوائد تأخير قدرها أربعة في المائة في المسائل المدنية وخمسة في المائة في المسائل التجارية [Art. 226]. تسرى هذه الفوائد من تاريخ المطالبة القضائية، ما لم يتفق الطرفان أو يقرر العرف التجاري خلاف ذلك [Art. 226]. ولا يشترط أن يثبت الدائن وقوع ضرر من جراء التأخير لاستحقاق هذه الفوائد [Art. 228].",1,
p05-ar,ar,هل يجوز لي طلب إبطال العقد إذا وقعت في غلط جوهري؟,"[Art. 120] (الفصل الأول: العقد / أو- أركان العقد / الرضاء)
Arabic: إذا وقع المتعاقد فى غلط جوهرى جاز له أن يطلب إبطال العقد ، أن كان المتعاقد الآخر قد وقع مثله فى هذا الغلط ، أو كان على علم به ، أو كان من السهل عليه أن يتبينه.
English: A party to a contract may demand the avoidance of the contract if he committed an essential mistake, if the other party committed the same mistake or had knowledge thereof, or could have easily detected the mistake.

[Art. 119] (الفصل الأول: العقد / أو- أركان العقد / الرضاء)
Arabic: يجوز لناقص الأهلية أن يطلب إبطال العقد ، وهذا مع عدم الإخلال بإلزامه بالتعويض ، إذا لجأ إلى طرق إحتياليه ليخفى نقص أهليته.
English: A person under legal incapacity, may demand the avoidance of the contract, subject, however, to his liability to payment of damages if he has employed fraudulent methods to conceal his legal incapacity.

[Art. 127] (الفصل الأول: العقد / أو- أركان العقد / الرضاء)
Arabic: (١) يجوز إبطال العقد للإكراه إذا تعاقد شخص تحت سلطان رهبة بعثها المتعاقد الآخر فى نفسه دون حق. وكانت قائمة على أساس.
(٢) وتكون الرهبة قائمة على أساس إذا كانت ظروف الحال تصور للطرف الذى يدعيها أن خطرا جسيما محدقا يهدده هو أو غيره فى النفس أو الجسم أو الشرف أو المال.
(٣) ويراعى فى تقدير الأكراه جنس من وقع عليه هذا الإكراه وسنه وحالته الاجتماعية والصحية وكل ظرف آخر من شأنه أن يؤثر فى جسامة الإكراه.
English: A contract is voidable as a result of duress, if one of the parties has contracted under the stress of justifiable fear
unlawfully instilled in him by the other party. Fear is deemed to be justified when the party who invokes it has been led to believe, in view of the circumstances, that a serious and imminent danger to life, limb, honor or property threatened him or others. In appreciating the extent of duress, the sex, age, social position and the condition of health of the victim should be taken into consideration, as well as any other circumstance that might have aggravated the duress.

[Art. 129] (الفصل الأول: العقد / أو- أركان العقد / الرضاء)
Arabic: (١) إذا كانت إلتزامات أحد المتعاقدين لا تتعادل البتة مع ما حصل عليه هذا المتعاقد من فائدة بموجب العقد أو مع إلتزامات المتعاقد الآخر ، وتبين أن المتعاقد المغبون لم يبرم العقد الا لأن المتعاقد الآخر قد استغل فيه طيشا بينة أو هوى جامحا ، جاز للقاضى بناء على طلب المتعاقد المغبون أن يبطل العقد أو أن ينقص إلتزامات هذا المتعاقد.
(٢) ويجب أن ترفع الدعوى بذلك خلال سنة من تاريخ العقد ، والا كانت غير مقبولة.
(٣) ويجوز فى عقود المعاوضة أن يتوقى الطرف الآخر دعوى الإبطال ، إذا عرض ما يراه القاضى كافيا لرفع الغبن.
English: If the obligations of one of the contracting parties are out of all proportion to the advantages that he obtains from the contract or to the obligations of the other contracting party, and it is established that the party who has suffered the prejudice entered into the contract only as a result of the other party exploiting his obvious levity of character or his unbridled passion, the judge may, at the request of the party so prejudiced, annul the contract or reduce the obligations of such party. Proceedings instituted on such grounds shall be barred unless commenced within one year from the date of the contract. In a contract entered into for valuable consideration, the other party may avoid annulment proceedings by making such an offer as the judge may consider adequate compensation to cover the lesion.

[Art. 125] (الفصل الأول: العقد / أو- أركان العقد / الرضاء)
Arabic: (١) يجوز إبطال العقد للتدليس إذا كانت الحيل التى لجأ إليها أحد المتعاقدين ، أو نائب عنه ، من الجسامة ، بحيث لولاها لما ابرم الطرف الثانى العقد.
(٢) ويعتبر تدليسا السكوت عمدا عن واقعة أو ملابسة من إذا ثبت أن المدلس عليه ما كان ليبرم العقد لو علم بتلك الواقعة أو هذه الملابسة.
English: A contract may be declared void on the grounds of fraudulent misrepresentation, when the artifices practiced by one of the parties, or by his representative are of such gravity that, but for them, the other party would not have concluded the contract. Intentional silence on the part of one of the parties as to a fact or as to the accompanying circumstances constitutes fraudulent misrepresentation if it can be shown that the contract would not have been concluded by the other party had he had knowledge thereof.","نعم، يجوز لك طلب إبطال العقد إذا وقعت في غلط جوهري، شريطة أن يكون الطرف الآخر إما واقعًا في نفس الغلط، أو كان على علم به، أو كان من السهل عليه اكتشافه [Art. 120].",1,
p13-ar,ar,ما تعريف عقد البيع؟,"[Art. 418] (الفصل الأول: البيع / البيع بوجه عام / أركان البيع)
Arabic: البيع عقد يلتزم بع البائع أن ينقل للمشتري ملكية شيء أو حقا ماليا أخر في مقابل ثمن نقدي .
English: Sale is a contract whereby the vendor binds himself to transfer to the purchaser the ownership of a thing or any other propriety right in consideration of a price in money.

[Art. 422] (الفصل الأول: البيع / البيع بوجه عام / أركان البيع)
Arabic: إذا بيع الشيء بشرط المذاق كان للمشتري أن يقبل البيع إن شاء ، ولكن عليه أن يعلن هذا القبول في المدة التي يعنيها الاتفاق أو العرف ولا ينعقد البيع إلا من الوقت الذي يتم فيه هذا الإعلان.
English: In a sale made subject to tasting, the purchaser may accept the thing sold if he sees fit, but he must declare his acceptance within the time fixed by the agreement or by custom. The sale will be considered complete only from the date of such declaration.

[Art. 419] (الفصل الأول: البيع / البيع بوجه عام / أركان البيع)
Arabic: (١) يجب أن يكون المشتري عالما بالبيع علما كافيا ، ويعتبر العلم كافيا إذا اشتمل العقد على بيان المبيع وأوصافه الأساسية بيانا يمكن من تعرفه.
(٢) وإذا ذكر في عقد البيع أن المشتري عالم بالمبيع ، سقط حقه في طلب إبطال البيع بدعوى عدم علمه به إلا إذا أثبت تدليس البائع.
English: The purchaser must have a sufficient acquaintance with the thing sold. This acquaintance will be deemed sufficient if the contract contains the description of the thing sold and its essential qualities, so that it may be identified. The statement in a deed of sale that the purchaser is acquainted with the thing, deprives him of the right to claim annulment of the sale on the ground of want of acquaintance with the thing, unless he proves fraud on the part of the vendor.

[Art. 462] (الفصل الأول: البيع / التزامات المشتري)
Arabic: نفقات عقد البيع ورسوم "" الدمغة "" والتسجيل وغير ذلك من مصروفات تكون على المشتري ما لم يوجد اتفاق أو عرف يقضي بغير ذلك.
English: In the absence of an agreement or usage to the contrary, the costs of the deed of sale, stamp duties, transcription fees and all other expenses are borne by the purchaser.

[Art. 729] (الفصل الخامس: الحراسة)
Arabic: الحراسة عقد يعهد الطرفان بمقتضاه إلى شخص آخر بمنقول أو عقار أو مجموع من المال يقوم فى شأنه نزاع أو يكون الحق فيه غير ثابت . فيتكفل هذا الشخص بحفظه وبإدارته وبرده مع علته المقبوضة إلى من يثبت له الحق فيه.
English: Judicial custody is a contract whereby the parties entrust to a third party a movable or an immovable or a property comprising both movables or immovables which is the subject of litigation or of legal rights that have not been established, which such third party undertakes to safeguard, manage and return, together with fruits collected thereon, to the person whose right thereto shall be established.",البيع هو عقد يلتزم بع البائع أن ينقل للمشتري ملكية شيء أو حقا ماليا آخر في مقابل ثمن نقدي [Art. 418].,1,
p21-ar,ar,ما هو الرهن الرسمي؟,"[Art. 1030]
Arabic: الرهن الرسمي عقد به يكسب الدائن على عقار مخصص لوفاء دينه حقاً عينياً ، يكون له بمقتضاه أن يتقدم على الدائنين العاديين والدائنين التالين له فى المرتبة فى استيفاء حقه من ثمن ذلك العاقر فى أى يد يكون .
English: Mortgage is a contract by which a creditor acquires, over an immovable appropriated to the payment of his debt, a real right by which he obtains preference, over ordinary creditors and creditors following him in rank, for the payment of his claim out of the price of the immovable, no matter into whose hands the immovable has passed.

[Art. 1082] (الفصل الثالث: انقضاء الرهن)
Arabic: ينقضي حق الرهن الرسمي بانقضاء الدين المضمون ويعود معه إذا زال السبب انقضى به الدين ، دون إخلال بالحقوق التى يكون الغير لا سحن النية قد كسبها فى الفترة ما بين انقضاء الحق وعودته .
English: The mortgage is extinguished when the secured debt is extinguished; it is revived, together with the debt, if the cause by reason of which it was extinguished disappears, without prejudice, however, to the rights acquired by a third party in good faith in the interval between the extinguishment of the right and its revival.

[Art. 1035] (الفصل الأول: إنشاء الرهن)
Arabic: (١) لا يجوز أن يرد الرهن الرسمى إلا على عقار ما لم يوجد نص يقضى بغير ذلك .
(٢) ويجب أن يكون العاقر المرهون مما يصح التعامل فيه وبيعه بالمزاد العلني ، وأن يكون معينا بالذات تعييناً دقيقاً من حيث طبيعته وموقعه ، وأن يرد هذا التعيين أما فى عقد الرهن ذاته أو فى عقد رسمى لاحق ، وإلا وقع الرهن باطلا.
English: In the absence of any provision of the law to the contrary, a mortgage can only be constituted on immovable property. The mortgaged property must be marketable and capable of being sold by public auction; it must be specifically and precisely described both as regards its nature and situation, and such description must be contained either in the deed constituting the mortgage or in a subsequent authentic document, otherwise the mortgage is void.

[Art. 1096] (الفصل الأول: أركان الرهن الحيازى)
Arabic: الرهن الحيازى عقد به يلتزم شخص ، ضمانا الدين عليه أو على غيره ، أن يسلم إلى الدائن أو إلى أجنبى يعينه المتعاقدان ، شيئا يرتب عليه للدائن حقا عينيا يخوله حبس الشيء لح ين استيفاء الدين ، وأن يتقدم الدائنين العاديين والدائنين التالين له فى المرتبة فى اقتضاء حقه من ثمن هذا الشيء فى أى يد يكون .
English: Pledge is a contract by which a person undertakes, as security for his debt or that of a third party, to hand over to the creditor or to a third person chosen by the parties, a thing over which he constitutes, in favor of the creditor, a real right, and by which the creditor is allowed to retain the thing pledged until repayment of the debt and to obtain payment of his claim out of the price of such thing, no matter in whose hands it may be, in preference to unsecured creditors and to creditors following him in rank.

[Art. 1031] (الفصل الأول: إنشاء الرهن)
Arabic: (١) لا ينعقد الرهن إلا إذا كان بورقة رسمية .
(٢) ونفقات العقد على الراهن إلا إذا اتفق على غير ذلك .
English: A mortgage can only be constituted by an authentic document. The costs of this authentic document are, in the absence of an agreement to the contrary, borne by the mortgagor.","الرهن الرسمي هو عقد يكسب به الدائن على عقار مخصص لوفاء دينه حقًا عينيًا، ويُمكنه من التقدم على الدائنين العاديين والدائنين التاليين له في المرتبة عند استيفاء حقه من ثمن ذلك العقار، مهما كانت اليد التي يوجد بها العقار [Art. 1030].",1,
p02-ar,ar,متى تبدأ شخصية الإنسان القانونية ومتى تنتهي؟,"[Art. 29] (الفصل الثاني: الأشخاص / الشخص الطبيعي)
Arabic: (١) تبدأ شخصية الإنسان بتمام ولادته حيا، وتنتهي بموته.
(٢) ومع ذلك فحقوق الحمل المستكن يعينها القانون.
English: Legal personality commences from the time a child is born alive and ends at death. The law, however, determines the rights of a child en ventre de sa mere.

[Art. 533] (الفصل الرابع: الشركة / تصفية الشركة وقسمتها)
Arabic: تنتهي عند حل الشركة سلطة المديرين ، أما شخصية الشركة فتبقي بالقدر اللازم للتصفية وغلى أن تنتهي هذه التصفية.
English: The powers of the managers shall cease upon the dissolution of the partnership, but the juristic personality of the partnership shall continue, in so far as necessary, for and up to the end of liquidation.

[Art. 52] (الفصل الثاني: الأشخاص / الشخص الاعتباري)
Arabic: الأشخاص الاعتبارية هي :- ١ (الدولة وكذلك المديريات والمدن والقرى بالشروط التي يحددها القانون والإدارات والمصالح وغيرها من المنشآت العامة التي يمنحها القانون شخصية اعتبارية . ٢ (الهيئات والطوائف الدينية التي تعترف لها الدولة بشخصية اعتبارية . ٣ (الأوقاف . ٤ (الشركات التجارية والمدنية . ٥ (الجمعيات والمؤسسات المنشأة وفقاً للأحكام التي ستأتي فيما بعد. ٦ (كل مجموعة من الأشخاص أو الأموال تثبت لها الشخصية الاعتبارية بمقتضى نص في القانون .
English: Juristic persons are: 1. The state, the provinces (mudirias), towns and villages in accordance with the provisions fixed by law; administrations, departments and other public institutions to which the law has granted the status of juristic persons. 2. Religious groups and communities which the state has recognized as juristic persons. 3. Wakfs. 4. Commercial and civil corporations. 5. Associations and foundations created in accordance with the subsequent provisions hereof. 6. Any group of persons or properties recognized as a juristic persons by virtue of a provision of the law.

[Art. 44] (الفصل الثاني: الأشخاص / الشخص الطبيعي)
Arabic: (١) كل شخص بلغ سن الرشد متمتعا بقواه العقلية ، ولم يحجر عليه ، يكون كامل الأهلية لمباشرة حقوقه المدنية .
(٢) وسن الرشد هى إحدى وعشرون سنة ميلادية كاملة .
English: All persons attaining majority in possession of their mental faculties and not under legal disability, have full legal capacity to exercise their civil rights. The majority of a person is fixed at twenty one years completed in accordance with the Gregorian calendar.

[Art. 53] (الفصل الثاني: الأشخاص / الشخص الاعتباري)
Arabic: (١) الشخص الاعتباري يتمتع بجميع الحقوق إلا ما كان منها ملازما لصفة الإنسان الطبيعية ، وذلك في الحدود التي قررها القانون .
(٢) فيكون له : أ- ذمة مالية مستقلة. ب- أهلية في الحدود التي يعينها سند إنشائه،أو التي يقررها القانون . جـ- حق التقاضي. د- موطن مستقل،ويعتبر موطنه المكان الذي يوجد فيه مركز إدارته،والشركات التي يكون مركزها الرئيسي في الخارج ولها نشاط في مصر يعتبر مركز إدارتها ، بالنسبة إلى القانون الداخلي ، والمكان الذي توجد فيه الإدارة المحلية .
(٣) ويكون له نائب يعبر عن إرادته.
English: A juristic person enjoys, within the limits established by law, all rights, with the exception of those rights which are inherent in the nature of an individual. A juristic person has: a) its own patrimonium; b) legal capacity, within the limits fixed by its constitution or established by law; c) the right to sue; d) its own domicile. This domicile is the place where its seat of management is situate. A corporation whose seat of management is situate abroad but operates in Egypt, is deemed, in accordance with internal law, to have its seat of management at the place where its local seat of management is situate. A juristic person has a representative to express its will.","تبدأ شخصية الإنسان القانونية بتمام ولادته حياً، وتنتهي بموته [Art. 29].",1,
p03-ar,ar,ما هو سن الرشد في القانون المدني؟,"[Art. 44] (الفصل الثاني: الأشخاص / الشخص الطبيعي)
Arabic: (١) كل شخص بلغ سن الرشد متمتعا بقواه العقلية ، ولم يحجر عليه ، يكون كامل الأهلية لمباشرة حقوقه المدنية .
(٢) وسن الرشد هى إحدى وعشرون سنة ميلادية كاملة .
English: All persons attaining majority in possession of their mental faculties and not under legal disability, have full legal capacity to exercise their civil rights. The majority of a person is fixed at twenty one years completed in accordance with the Gregorian calendar.

[Art. 46] (الفصل الثاني: الأشخاص / الشخص الطبيعي)
Arabic: كل من بلغ سن التمييز ولم يبلغ سن الرشد وكل من بلغ سن الرشد وكان سفيهاً أو ذا غفلة ' يكون ناقص الأهلية وفقاً لما يقرره القانون.
English: A person who has reached the age of discretion but has not attained majority and a person who has attained his majority but is a prodigal or an imbecile, has a limited legal capacity according to the provisions of the law.

[Art. 26] (الفصل الأول: القانون وتطبيقه / تنازع القوانين من حيث المكان)
Arabic: متي ظهر من الأحكام الواردة في المواد المتقدمة أن القانون الواجب التطبيق هو قانون دولة معينة تتعدد فيها الشرائع ، فإن القانون الداخلي لتلك الدولة هو الذي يقرر أية شريعة من هذه يجب تطبيقها.
English: When, in accordance with the preceding provisions, it appears that the law to be applied is the law of a state in which several legal systems exist, the law applicable shall be determined by the internal law of that state.

[Art. 10] (الفصل الأول: القانون وتطبيقه / تنازع القوانين من حيث المكان)
Arabic: القانون المصري هو المرجع في تكييف العلاقات عندما يطلب تحديد نوع هذه العلاقات في قضية تتنازع فيها القوانين' لمعرفة القانون الواجب تطبيقه من بينها.
English: Egyptian law will rule to determine the nature of a legal relationship in order to ascertain the law applicable in the event of a conflict between various laws in any particular suit.

[Art. 112] (الفصل الأول: العقد / أو- أركان العقد / الرضاء)
Arabic: إذا بلغ الصبى المميز الثامنة عشرة من عمره واذن له فى تسلم أمواله لإدارتها ، أو تسلمها بحكم القانون ، كانت أعمال الادارة الصادرة منه صحيحة فى الحدود التى رسمها القانون.
English: A minor possessing discretion, who has attained the age of eighteen years and has been authorized to take possession of his property in order to manage it, or has taken possession of his property by virtue of law, may validly perform acts of management within the limits of the law.",سن الرشد في القانون المدني هو إحدى وعشرون سنة ميلادية كاملة [Art. 44].,1,
p18-ar,ar,ما هي حقوق المالك على الشيء الذي يملكه؟,"[Art. 803] (الفصل الأول: حق الملكية بوجه العام / نطاقه ووسائل حمايته)
Arabic: (١) مالك الشيء يملك كل ما يعد من عناصره الجوهرية بحيث لا يمكن فصله عنه دون أن يهلك أو يتلف أو يتغير .
(٢) وملكية الأرض تشمل ما فوقها وما تحتها إلى الحد المفيد فى التمتع بها ، علوا أو عمقا.
(٣) ويجوز بمقتضى القانون أو الاتفاق أن تكون ملكية سطح الأرض
منفصلة عن ملكية ما فوقها أو ما تحتها .
English: The owner of a thing also owns everything that constitutes an essential element of the thing owned and which cannot be separated therefrom without the thing owned perishing, deteriorating or changing. The ownership of land includes that which is above and below, as far as it can be usefully enjoyed in height and depth.
The ownership of the surface of the land may, by law or by agreement, be separated from that which is above it and that which is below it.

[Art. 988] (الفصل الأول: حق الانتفاع وحق الاستعمال وحق السكن / حق الانتفاع)
Arabic: (١) على المنتفع أن يستعمل الشيء بحالته التى تسلمه بها ويحسب ما أعد له وأن يديره إدارة حسنه .
(٢) للمالك أن يعترض على أى استعمال غير مشروع أو غير متفق مع طبيعة الشيء ، فإذا أثبت أن حقوقه فى خطر جاز له أن يطالب بتقديم تأمينات ، فإن لم يقدمها المنتفع أو ظل على الرغم من اعتراض المالك يستعمل العين استعمالا غير مشروع أو غير متفق مع طبيعتها . فللقاضي أن يترع هذه العين من تحت يده وأن يسلمها إلى آخر يتولى إدارتها ، بل له
تبعا لخطورة الحال أن يحكم بانتهاء حق الانتفاع دون إخلال بحقوق الغير .
English: The usufructuary must use the property in the state in which he has received if and according to the object for which it was intended; he must observe the rules of good management. The owner may object to any use of the property that is unlawful or unsuitable to the nature of the property. If the owner proves that his right s are endangered, he
may demand security and if the usufructuary does not provide such security or if, in spite of the objections of the owner, he continues to use the property unlawfully or in a manner unsuitable to its nature, the Judge may take the property from him and entrust it to a third party for its management; the Judge may also, in circumstances of a serious nature, declare the usufruct extinguished, without prejudice to the rights of third parties.

[Art. 802] (الفصل الأول: حق الملكية بوجه العام / نطاقه ووسائل حمايته)
Arabic: لمالك الشيء وحده ، فى حدود القانون ، حق استعماله واستغلاله والتصرف فيه .
English: The owner of a thing has alone, within the limits of the law, the right to use, enjoy and dispose of it.

[Art. 804] (الفصل الأول: حق الملكية بوجه العام / نطاقه ووسائل حمايته)
Arabic: لمالك الشيء الحق فى كل ثماره ومنتجاته وملحقاته ما لم يوجد نص أو اتفاق يخالف ذلك
English: In the absence of a provision of the law or of an agreement to the contrary, ownership carries with it the right to all fruits, products and accessories of the thing owned.

[Art. 525] (الفصل الرابع: الشركة / أثار الشركة)
Arabic: إذا كان لأحد الشركاء دائنون شخصيون ، فليس لهم أثناء قيام الشركة أن يتقاضوا حقوقهم مما يخص ذلك الشريك في راس المال ، وإنما لهم أن يتقاضوها مما يخصه في الأرباح ، أما بعد تصفية الشركة فيكون لهم أن يتقاضوا حقوقهم من نصيب مدينهم في أموال الشركة بعد استترال ديونها . ومع ذلك يجوز لهم قبل التصفية توقيع الحجز التحفظي على نصيب هذا المدين.
English: Personal creditors of a partner cannot, during the continuance of a partnership obtain payment of their claims out of such partner's share in the capital but only out of his share in the profits. Such creditors may, upon liquidation of the partnership, enforce their rights on their debtor's share in the partnership assets after payment of the partnership debts, and may, before the liquidation of the partnership, make a protective attachment (saisic conservatoire) on his share.","مالك الشيء له وحده، في حدود القانون، حق استعماله واستغلاله والتصرف فيه [Art. 802]. كما يملك كل ما يعد من عناصره الجوهرية التي لا يمكن فصلها دون أن يهلك أو يتلف أو يتغير [Art. 803]. ويشمل ملكه ما فوق الأرض وما تحتها إلى الحد المفيد في التمتع بها، علواً أو عمقاً [Art. 803]. ويحق له كذلك الحصول على كل ثمار الشيء ومنتجاته وملحقاته، ما لم يوجد نص أو اتفاق يخالف ذلك [Art. 804]. وله أن يعترض على أي استعمال غير مشروع أو غير متفق مع طبيعة الشيء من قبل منتفع [Art. 988].",1,
p04-ar,ar,متى يتم انعقاد العقد؟,"[Art. 89] (الفصل الأول: العقد / أو- أركان العقد / الرضاء)
Arabic: يتم العقد بمجرد أن يتبادل طرفان التعبير عن إرادتين متطابقتين، مع مراعاة ما يقرره القانون فوق ذلك من أوضاع معينة لانعقاد العقد .
English: A contract is created, subject to any special formalities that may be required by law for its conclusion, from the moment that two persons have exchanged two concordant intentions.

[Art. 101] (الفصل الأول: العقد / أو- أركان العقد / الرضاء)
Arabic: (١) الاتفاق الذي يعد بموجبه كلا المتعاقدين أو أحدهما بابرام عقد معين في المستقبل لا ينعقد، إلا إذا عينت جميع المسائل الجوهرية للعقد المراد إبرامه، والمدة التي يجب إبرامه فيها .
(٢) إذا اشترط القانون ل تمام العقد استيفاء شكل معين، فهذا الشكل تجب مراعاته أيضاً في الاتفاق الذي يتضمن الوعد بإبرام هذا العقد .
English: An agreement by which the two parties, or one of them, promise to enter into a particular contract in the future, is only binding if all the essential points of the contract envisaged and the time when the contract should be concluded are stated. When the law provides that a contract shall not be valid unless a certain form is observed, this form must also be observed in any agreement embodying a promise to enter into such a contract.

[Art. 97] (الفصل الأول: العقد / أو- أركان العقد / الرضاء)
Arabic: (١) يعتبر التعاقد ما بين الغائبين قد تم في المكان وفي الزمان اللذين يعلم فيها الموجب بالقبول ، ما لم يوجد اتفاق أو نص قانوني يقضي بغير ذلك .
(٢) ويفترض أن الموجب قد علم بالقبول في المكان و في الزمان اللذين وصل إليه فيهما هذا القبول .
English: In the absence of agreement or a provision of the law to the contrary, a contract between persons who are not present at the time is deemed to have been concluded at the place where and at the time when the offeror became aware of the acceptance. The offeror is deemed to have had knowledge of the acceptance at the place and at the time the acceptance reached him.

[Art. 99] (الفصل الأول: العقد / أو- أركان العقد / الرضاء)
Arabic: لا يتم العقد في المزايدات إلا برسو المزاد . ويسقط العطاء بعطاء يزيد عليه ولو كان باطلاً .
English: A contract of sale by public auction is only concluded when the final bid is accepted. A bid is nullified from the moment a higher bid is made, even if the higher bid is void.

[Art. 94] (الفصل الأول: العقد / أو- أركان العقد / الرضاء)
Arabic: (١) إذا صدر الإيجاب في مجلس العقد، دون أن يعين ميعاد القبول، فإن الموجب يتحلل من إيجابه إذا لم يصدر القبول فوراً . وكذلك الحال إذا صدر الإيجاب من شخص إلى آخر بطريق التليفون أو بأي طريق مماثل .
(٢) ومع ذلك يتم العقد، ولو لم يصدر القبول فوراً، إذا لم يوجد ما يدل على أن الموجب قد عدل عن ايجابه في الفترة ما بين الإيجاب والقبول وكان القبول قد صدر قبل أن ينفض مجلس العقد .
English: If at the time a contract is being framed, an offer is made without a time limit being fixed for acceptance, the offeror is released from his offer if it is not accepted forthwith. This also applies, if the offer is made by one person to another person by telephone or by any other similar means. A contract is concluded, however, even if acceptance is not immediate, when, during the interval between offer and acceptance, there is nothing to indicate that the offeror has withdrawn his offer and the declaration of acceptance is made before the end of the meeting at which the contract was being framed.","يتم انعقاد العقد بمجرد تبادل إرادتين متطابقتين بين طرفين، مع مراعاة الأشكال القانونية الواجبة إن وجدت [Art. 89]. إذا كان المتعاقدان غير متواجدين في نفس المكان، يُعتبر العقد منعقدًا في المكان والزمان اللذين علم في",1,
p12-ar,ar,بعد كم سنة يتقادم الالتزام كقاعدة عامة؟,"[Art. 374] (الفصل الثالث: انقضاء الالتزام دون الوفاء به / التقادم المسقط)
Arabic: يتقادم الالتزام بانقضاء خمس عشرة سنة فيما عدا الحالات التي ورد عنها نص خاص في القانون وفيما عدا الاستثناءات التالية.
English: The term of prescription for obligations is fifteen years with the exception of those cases for which a special provision is contained in the law and with the exception also of the following cases.

[Art. 375] (الفصل الثالث: انقضاء الالتزام دون الوفاء به / التقادم المسقط)
Arabic: (١) يتقادم بخمس سنوات كل حق دوري متجدد واو اقر به المدين ، كأجرة
المباني والأراضي الزراعية ومقابل الحكر ، وكالفوائد والإيرادات المترتبة المهاياة والأجور والمعاشات.
(٢) ولا يسقط الريع المستحق في ذمة الحائز سيئ النية ، ولا الريع الواجب على ناظر الوقف أداؤه للمستحقين ، إلا بانقضاء خمس عشرة سنة.
English: The term of prescription for sums payable periodically at
recurring intervals such as the rent of buildings and of agricultural land, the rent of hekr, interest, periodical payments, salaries, wages and pensions, is five years, even if the debt is admitted by the debtor.

[Art. 379] (الفصل الثالث: انقضاء الالتزام دون الوفاء به / التقادم المسقط)
Arabic: (١) يبدأ سريان التقادم في الحقوق المذكورة في المادتين ٦٧٣-٨٧٣ من الوقت الذي يتم فيه الدائنون تقدماتهم ، ولو استمروا يؤدون تقدمات أخرى.
(٢) وإذا حرر سند بحق من هذه الحقوق فلا يتقادم الحق إلا بانقضاء خمس عشرة سنة.
English: The term of prescription in respect of rights referred to in Articles 376 and 378 runs from the time that the prestations were made by the creditors, even when the creditors continue to make further prestations. Once anyone of these rights has been established by a written document, it is only prescribed after fifteen years.

[Art. 385] (الفصل الثالث: انقضاء الالتزام دون الوفاء به / التقادم المسقط)
Arabic: (١) إذا انقطع التقادم بدأ تقادم جديد يسري من وقت إنهاء الأثر المترتب على سبب الانقطاع ، وتكون مدته هي مدة التقادم الأول.
(٢) على أنه إذا حكم بالدين وحاز الحكم قوة الأمر المقضي أو إذا كان الدين مما يتقادم بسنة واحدة وانقطع تقادمه بإقرار المدين ، كانت مدة التقادم الجديد خمس عشرة سنة ، إلا أن يكون الدين المحكوم به متضمنا لالتزامات دورية متجددة لا تستحق الأداء إلا بعد صدور الحكم.
English: When prescription is interrupted, a new prescription commences to run from the time that the effect of the act that gave rise to the interruption has ceased. The term of the new prescription will be of the same duration as that of the former one. When the debt has been confirmed by a final judgment or when, in the case of a debt prescribed after one year, the prescription has been interrupted by the admission of the debtor, the term of the new prescription will be fifteen years unless the debt confirmed by the judgment involves periodical recurring obligations which will not become due until after the judgment.

[Art. 651] (الفصل الأول: المقاولة والتزام المرافق العامة / التزامات المقاول)
Arabic: (١) يضمن المهندس المعماري والمقاول متضامنين ما يحدث خلال عشر سنوات من دم كلى أو جزئي فيما شيدوه من مبان أو أقاموه من منشآت ثابتة أخرى وذلك ولو كان التهدم ناشئاً عن عيب فى الأرض ذاتها ، أو
كان ر العمل قد أجاز إقامة المنشآت المعيبة ، ما لم يكن المتعاقدان فى هذه الحالة قد أرادا أن تبقى هذه المنشآت مدة أقل من عشر سنوات .
(٢) ويشمل الضمان المنصوص عليه فى الفقرة السابقة ما يوجد فى المباني والمنشآت من عيوب يترتب عليها تهديد متانة البناء وسلامته.
(٣) وتبدأ مدة السنوات العشر من وقت تسلم العمل ولا تسرى هذه المادة على ما قد يكون للمقاول من حق الرجوع على المقاولين من الباطن.
English: The architect and contractor are jointly and severally responsible for a period of ten years for the total or
partial demolition of constructions or other permanent works erected by them, even if such destruction is due to a defect in the ground itself, and even if the master authorized the erection of the defective construction, unless, in this case, the constructions were intended by the parties to last for less than ten years. The warranty imposed by the preceding paragraph extends to defects in constructions and erections which endanger the solidity and security of the works. The period of ten years runs from the date of delivery of the works. This article does not apply to the rights of action which a contractor may have against his subcontractor.","يُتقادم الالتزام بانقضاء خمس عشرة سنة كقاعدة عامة، فيما عدا الحالات التي نص القانون على غير ذلك أو التي ورد فيها استثناء خاص [Art. 374].",1,
p10-ar,ar,هل حارس الآلات الميكانيكية مسؤول عن الضرر الذي تحدثه؟,"[Art. 177] (الفصل الثالث: العمل غير المشروع / المسئولية الناشئة عن الأشياء)
Arabic: (١) حارس البناء ، ولو لم يكن مالكا له ، مسئول عما يحدث انهدام البناء من ضرر ، ولو كان ا داما جزئيا ، ما لم يثبت أن الحادث لا يرجع سببه إلى إهمال فى الصيانة أو قدم فى البناء أو عيب فيه.
(٢) ويجوز لمن كان مهددا بضرر يصيبه من البناء أن يطالب المالك بأتخاذ ما يلزم من التدابير الضرورية لدرء الخطر فإن لم يقم المالك بذلك جاز الحصول على اذن من المحكمة فى أتخاذ هذه التدابير على حسابه.
English: A person in charge of a building, even if he is not its owner, is liable for damage caused by the collapse of the building, even if such collapse is partial, unless he shows that the accident did not occur as a result of negligent maintenance or the age of, or the defect in the building. A person who is in danger of damage from a building is entitled to call on the owner to take the necessary precautions to prevent the danger, and if the owner fails to take such precautions, to obtain an order from the Court authorizing him to take necessary precautions himself at the cost of the owner.

[Art. 178] (الفصل الثالث: العمل غير المشروع / المسئولية الناشئة عن الأشياء)
Arabic: كل من تولى حراسة أشياء تتطلب حراستها عناية خاصة أو حراسة آلات ميكانيكية يكون مسئولا عما تحدثه هذه الأشياء من ضرر ، ما لم يثبت أن وقوع الضرر كان بسبب أجنبى لا يد له فيه ، هذا مع عدم الإخلال بما يرد فى ذلك من أحكام خاصة.
English: Whoever is in charge of a thing whose supervision requires special care, or of a machine, is liable for damage caused by it, unless he shows that the damage was due to a cause beyond his control, subject always to any special provision of the law in this respect.

[Art. 176] (الفصل الثالث: العمل غير المشروع / المسئولية الناشئة عن الأشياء)
Arabic: حارس الحيوان ، ولو لم يكن مالكا له ، مسئول عما يحدثه الحيوان من ضرر ، ولو ضل الحيوان أو تسرب ، ما لم يثبت الحارس أن وقوع الحادث كان بسبب أجنبى لا يد له فيه.
English: A person in charge of an animal, even if he is not its owner, is liable for any harm done by the animal, even if the animal strays or escapes, unless such person shows that the accident was due to a cause beyond his control.

[Art. 513] (الفصل الرابع: الشركة / أركان الشركة)
Arabic: إذا كانت الحصة التي قدمها الشريك هي ديون له ف ذمة الغير ، فلا ينقضي التزامه للشركة إلا إذا استوفيت هذه الديون ، ويكون الشريك فوق ذلك مسئولا عن تعويض الضرر ، إذا لم توف الديون عند حلول أجلها.
English: If the contribution of a partner consists of debts due by third parties, his obligation to the partnership is only extinguished by the recovery of these debts. He is also liable for damages if the debts are not paid when they fall due.

[Art. 174] (الفصل الثالث: العمل غير المشروع / المسئولية عن عمل الغير)
Arabic: (١) يكون المتبوع مسئولا عن الضرر الذى يحدثه تابعه بعمله غير المشروع ، متى كان واقعا منه فى حال تأدية وظيفته أو بسببها.
(٢) وتقوم رابطة التبعية ، ولو لم يكن المتبوع حرا فى اختيار تابعه ، متى كانت له عليه سلطة فعليه فى رقابته وفى توجيهه.
English: A master is liable for the damage caused by an unlawful act of his servant, when the act was performed by the servant in the course, or as a result, of his employment. The relationship between master and servant exists even when the master has not been free to choose his servant, provided he has actual powers of supervision and control over his servant.","نعم، حارس الآلات الميكانيكية مسؤول عن الضرر الذي تحدثه، ما لم يثبت أن وقوع الضرر كان بسبب أجنبي لا يد له فيه [Art. 178].",1,
p02-en,en,When does a person's legal personality begin and when does it end?,"[Art. 29] (الفصل الثاني: الأشخاص / الشخص الطبيعي)
Arabic: (١) تبدأ شخصية الإنسان بتمام ولادته حيا، وتنتهي بموته.
(٢) ومع ذلك فحقوق الحمل المستكن يعينها القانون.
English: Legal personality commences from the time a child is born alive and ends at death. The law, however, determines the rights of a child en ventre de sa mere.

[Art. 506] (الفصل الرابع: الشركة)
Arabic: (١) تعتبر الشركة بمجرد تكوينها شخصا اعتباريا ولكن لا يحتج بهذه الشخصية على الغير إلا بعد استيفاء إجراءات النشر التي يقررها القانون.
(٢) ومع ذلك للغير إذا لم تقم الشركة بإجراءات النشر المقررة أن يتمسك بشخصيها.
English: A partnership is deemed, by the fact of its constitution, to be a juristic person; such juristic personality is however acquired, as regards third parties, only upon completion of the formalities of publication required by law. Third parties may, however, if the partnership has not completed the prescribed formalities of publication, avail themselves of the juristic personality of the partnership.

[Art. 53] (الفصل الثاني: الأشخاص / الشخص الاعتباري)
Arabic: (١) الشخص الاعتباري يتمتع بجميع الحقوق إلا ما كان منها ملازما لصفة الإنسان الطبيعية ، وذلك في الحدود التي قررها القانون .
(٢) فيكون له : أ- ذمة مالية مستقلة. ب- أهلية في الحدود التي يعينها سند إنشائه،أو التي يقررها القانون . جـ- حق التقاضي. د- موطن مستقل،ويعتبر موطنه المكان الذي يوجد فيه مركز إدارته،والشركات التي يكون مركزها الرئيسي في الخارج ولها نشاط في مصر يعتبر مركز إدارتها ، بالنسبة إلى القانون الداخلي ، والمكان الذي توجد فيه الإدارة المحلية .
(٣) ويكون له نائب يعبر عن إرادته.
English: A juristic person enjoys, within the limits established by law, all rights, with the exception of those rights which are inherent in the nature of an individual. A juristic person has: a) its own patrimonium; b) legal capacity, within the limits fixed by its constitution or established by law; c) the right to sue; d) its own domicile. This domicile is the place where its seat of management is situate. A corporation whose seat of management is situate abroad but operates in Egypt, is deemed, in accordance with internal law, to have its seat of management at the place where its local seat of management is situate. A juristic person has a representative to express its will.

[Art. 11] (الفصل الأول: القانون وتطبيقه / تنازع القوانين من حيث المكان)
Arabic: (١) الحالة المدنية للأشخاص وأهليتهم يسري عليها قانون الدولة التي ينتمون إليها بجنسيتهم ومع ذلك ففي التصرفات المالية التي تعقد في مصر وتترتب آثارها فيها' إذا كان أحد الطرفين أجنبياً ناقص الأهلية وكان نقص الأهلية يرجع إلي سبب فيه خفاء لا يسهل علي الطرف الآخر تبينه' فإن هذا السبب لا يؤثر في أهليته.
(٢) أما النظام القانوني للأشخاص الاعتبارية الأجنبية من شركات وجمعيات ومؤسسات وغيرها فيسري عليه قانون الدولة التي اتخذت فيها هذه الأشخاص مراكز إدار تها الرئيسي الفعلي. ومع ذلك فإذا باشرت نشاطها الرئيسي في مصر' فان القانون المصري هو الذي يسري.
English: The status and the legal capacity of persons are governed by the law of the country to which they belong by reason of their nationality. If, however, in a transaction of a pecuniary nature, concluded and having effect in Egypt, one of the parties is a foreigner without legal capacity and such lack of capacity is due to a reason that is not apparent and which cannot be easily detected by the other party, this reason has no effect on his legal capacity. The legal status of foreign juristic persons such as companies, associations, foundations, or others, is subject to the law of the State in whose territory such juristic persons have established their actual principal seat of management. If, however, a juristic person carries on its principal activities in Egypt, Egyptian law will be applied.

[Art. 50] (الفصل الثاني: الأشخاص / الشخص الطبيعي)
Arabic: لكل من وقع عليه اعتداء غير مشروع في حق من الحقوق الملازمة لشخصيته ، أن يطلب وقف هذا الاعتداء مع التعويض عما يكون قد لحقه من ضرر .
English: A person whose rights inherent in his personality have been unlawfully infringed, shall have the right to demand the cessation of the infringement and compensation for any damage sustained thereby.",A person's legal personality begins at the moment of live birth and ends at death [Art. 29].,1,
p17-en,en,What is a lease contract?,"[Art. 558] (الفصل الأول: الإيجار / الإيجار بوجه عام / أركان الإيجار)
Arabic: الإيجار عقد يلتزم المؤجر بمقتضاه أن يمكن المستأجر من الانتفاع بشيء معين مدة معينة لقاء أجر معلوم.
English: A lease is a contract by which the lessor undertakes to enable the lessee to enjoy a specific thing for a certain time in return of a fixed rent.

[Art. 601] (الفصل الأول: الإيجار / موت المستأجر أو إعساره)
Arabic: (١) لا ينتهي الإيجار بموت المؤجر ولا بموت المستأجر.
(٢) ومع ذلك إذا مات المستأجر جاز لورثته أن يطلبوا انتهاء العقد إذا أثبتوا أنه بسبب موت مورثهم أصبحت أعباء العقد أثقل من أن تتحملها مواردهم ، أوأصبح الإيجار مجاوزًا حدود حاجتهم . وفى هذه الحالة يجب أن تراعى مواعيد التنبيه بالإخلاء المبينة فى المادة ٣٦٥ ، وأن يكون طلب إنهاء العقد فى مدة ستة أشهر على الأكثر من وقت موت المستأجر .
English: A contract of lease is not terminated either by the death of the lessor or of the lessee. In the event of the death of the lessee, however, his heirs may claim the termination of the lease if they establish that, as a result of the death of the person whose estate they inherited, the burden of the lease has become too heavy for their resources or that the lease exceeds their needs. In such an event, the periods of notice of termination laid down in Article 563 shall be observed and the claim for termination of the lease made within six months at the most from the date of death of the lessee.

[Art. 595] (الفصل الأول: الإيجار / التنازل عن الإيجار والإيجار من الباطن)
Arabic: في حالة التنازل عن الإيجار يبقي المستأجر ضمانا للمتنازل له في تنفيذ التزاماته.
English: When a lease is assigned, the principal lessee remains the guarantor for the performance of the assignee's obligations.

[Art. 598] (الفصل الأول: الإيجار / انتهاء الإيجار)
Arabic: ينتهي الإيجار بانتهاء المدة المعينة فى العقد دون حاجة إلى تنبيه بالإخلاء .
English: A lease ends at the expiration of the agreed term without it being necessary to give notice of evacuation.

[Art. 1014] (الفصل الثاني: حق الحكر / بعض أنواع الحكر)
Arabic: (١) خلو الانتفاع عقد يؤجر به الوقف عينا ولو بغير إذن القاضى مقابل أجرة ثابتة لزمن غير معين .
(٢) ويلتزم المستأجر بمقتضى هذا العقد أن يجعل العين صالحة للاستعمال . وبحق للوقف أن يفسخ العقد فى أى وقت بعد التنبيه فى الميعاد القانونى طبقاً للقواعد الخاصة بعقد الإجارة على شرط أن يفوض الوقف المستأجر عن النفقات طبقاً لأحكام المادة ٩٧١.
(٣) وتسرى عليه الأحكام الخاصة بإيجار العقارات الموقوفة دون إخلال بما نصت عليه الفقرتان السابقتان .
English: The Kholou-el-intifaa is a contract by which a wakf grants a lease of a property even without the permission of the Judge, in consideration of a fixed rent for an indefinite period of time. In accordance with this contract, the lessee undertakes to render the property fit for exploitation; the wakf may, at any time, resiliate the contract by due notice in accordance with the rules as to contracts of lease, provided that the wakf compensates the lessee for his expenses in accordance with the provisions of Article 179. Subject to he provisions of the two preceding paragraphs, the provisions relating to leases of wakf property are applicable to such a contract.",A lease contract is a contract by which the lessor undertakes to enable the lessee to enjoy a specific thing for a certain period of time in return for a fixed rent [Art. 558].,1,
p07-en,en,Can one party change a contract without the other party's agreement?,"[Art. 147] (الفصل الأول: العقد / آثار العقد)
Arabic: (١) العقد شريعة المتعاقدين ، فلا يجوز نقضه ولا تعديله إلا باتفاق الطرفين ، أو للأسباب التى يقررها القانون.
(٢) ومع ذلك إذا طرأت حوادث استثنائية عامة لم يكن فى الوسع توقعها وترتب على حدوثها أن تنفيذ الإلتزام التعاقدى ، وان لم يصبح مستحيلا ، صار مرهقا للمدين بحيث يهدده بخسارة فادحة ، جاز للقاضى تبعا للظروف وسد الموازنة بين مصلحة الطرفين أن يرد الإلتزام المرهق إلى الحد المعقول. ويقع باطلا كل اتفاق على خلاف ذلك.
English: The contract makes the law of the parties. It can be revoked or altered only by mutual consent of the parties or for reasons provided for by law. When, however, as a result of exceptional and unpredictable events of a general character, the performance of the contractual obligation, without becoming impossible, becomes excessively onerous in such way as to threaten the debtor with exorbitant loss, the judge may according to the circumstances, and after taking into consideration the interests of both parties, reduce to reasonable limits, the obligation that has become excessive. Any agreement to the contrary is void.

[Art. 95] (الفصل الأول: العقد / أو- أركان العقد / الرضاء)
Arabic: إذا اتفق الطرفان على جميع المسائل الجوهرية في العقد ، وإحتفظا بمسائل تفصيلية يتفقان عليها فيما بعد ولم يشترطا أن العقد لا يتم عند عدم الإتفاق عليها، فإن المحكمة تقضي فيها طبقاً لطبيعة المعاملة ولأحكام القانون والعرف والعدالة .
English: When the parties have agreed on all the essential points of a contract and have left certain details to be agreed at a later date without stipulating that failing agreement on these details, the contract shall not be concluded, the contract is deemed to have been concluded, and the points of detail will, in the event of dispute, be decided by the court according to the nature of the transaction, to the provisions of the law and to custom and equity.

[Art. 108] (الفصل الأول: العقد / أو- أركان العقد / الرضاء)
Arabic: لا يجوز لشخص أن يتعاقد مع نفسه باسم من ينوب عنه ، سواء أكان التعاقد لحسابه هو أم لحساب شخص آخر دون ترخيص من الأصيل. على انه يجوز للأصيل فى هذه الحالة أن يجيز التعاقد. كل هذا مع مراعاة ما يخالفه ، مما يقضى به القانون أو قواعد التجارة.
English: Except where otherwise provided by law or by commercial rules, no one may contract with himself in the name of the person he represents, either for his own benefit or for that of a third party, without the authority of his principal, who, nevertheless, in such a case, may ratify the contract.

[Art. 609] (الفصل الأول: الإيجار / موت المستأجر أو إعساره)
Arabic: يجوز للموظف أو المستخدم إذا اقتضى عمله أن يغير محل إقامته أن يطلب إنهاء إيجار مسكنه إذا كان هذا الإيجار معين المدة ، على أن يراعى المواعيد المبينة فى المادة ٣٦٥ ، ويقع باطلاً كل اتفاق على غير ذلك
English: An official or an employee whose duties oblige him to change his place of residence may claim termination of the lease of his dwelling house, when his lease is made for a fixed period, provided that he gives notice of such termination in accordance with the delays provided for in Article 563. Any agreement to the contrary is void.

[Art. 445] (الفصل الأول: البيع / التزامات البائع)
Arabic: (١) يجوز للمتعاقدين باتفاق خاص أن يزيدا ضمان الاستحقاق ، أو أن ينقصا منه ، أو أن يسقطا هذا الضمان.
(٢) ويفترض في حق الارتفاع أن البائع قد اشترط عدم الضمان إذا كان هذا الحق ظاهر أو كان البائع قد أبان عنه للمشتري.
(٣) ويقع باطلا كل شرط يسقط الضمان أو ينقصه إذا كان البائع قد تعمد إخفاء حق الأجنبي.
English: The contracting parties may, by special agreement, increase the warranty against dispossession, restrict it or stipulate that the sale is without warranty. The vendor is presumed to have stipulated that he does not warrant a purchaser against a servitude if it was apparent or disclosed by him to the purchaser. A clause that the sale is without warranty or restricting the warranty against dispossession is null and void if the vendor intentionally conceals the rights of a third party.","No, one party cannot change a contract without the other party's agreement. A contract is binding on both parties and may only be modified by mutual consent or for reasons provided by law [Art. 147]. Any unilateral attempt to alter the contract without agreement or legal justification is not permitted.",1,
p24-en,en,What is the rule in Article 400?,"[Art. 400] REPEALED. المواد من٩٨٣ إلى ٧١٤ ملغاة Articles 389-417 repealed

[Art. 1108] (الفصل الثاني: أثار رهن الحيازة / التزامات الدائن المرتهن)
Arabic: يسرى على رهن الحيازة أحكام المادة ٠٥٠١ المتعلقة بمسئولية الراهن غير المدين وأحكام المادة ٢٥٠١ المتعلقة بشرط التملك عند عدم الوفاء وشرط البيع دون إجراءات .
English: The provisions of Article 1050, relating to the responsibility of a mortgagor who is not a debtor, and the provisions of Article 1052, relating to appropriation in case of non-payment and to sale without recourse to legal formalities, apply to pledge.

[Art. 10] (الفصل الأول: القانون وتطبيقه / تنازع القوانين من حيث المكان)
Arabic: القانون المصري هو المرجع في تكييف العلاقات عندما يطلب تحديد نوع هذه العلاقات في قضية تتنازع فيها القوانين' لمعرفة القانون الواجب تطبيقه من بينها.
English: Egyptian law will rule to determine the nature of a legal relationship in order to ascertain the law applicable in the event of a conflict between various laws in any particular suit.

[Art. 466] (الفصل الأول: البيع / بيع ملك الغير)
Arabic: (١) إذا باع شخص شيئا معينا بالذات وهو لا يملكه ، جاز للمشتري أن يطلب أبطال البيع . ويكون الأمر كذلك ولو وقع البيع على عقار ، سجل
العقد أو لم يسجل.
(٢) وفي كل حال لا يسري هذا البيع في حق المالك للعين المبيعة ولو أجاز المشتري العقد.
English: When a person sells a definite and ascertained thing of which he is not the owner, the purchaser may demand
the annulment of the sale. This rule also applies when the thing sold is an immovable, whether the deed has been transcribed or not. Such a sale cannot, in any case, have any effect as against the owner of the thing sold, even if the purchaser has ratified the contract.

[Art. 433] (الفصل الأول: البيع / التزامات البائع)
Arabic: (١) إذا عين في العقد مقدار المبيع كان البائع مسئولا عن نقص هذا القدر بحسب ما يقضي به العرف ما لم يتفق على غير ذلك ، على أنه لا يجوز للمشتري أن يطلب فسخ العقد لنقض في المبيع إلا إذا أثبت أن هذا النقص من الجسامة بحيث أو انه كان يعلمه لما أتم العقد.
(٢) أما إذا تبين أن القدر الذي يشتمل عليه المبيع يزيد على ما ذكر في العقد وكان الثمن مقدرا بحساب الوحدة ، وجب على المشتري ، إذا كان المبيع غير قابل للتبعيض ، أن يكمل الثمن إلا إذا كانت الزيادة جسيمة فيجوز له أن يطلب فسخ العقد وكل هذا ما لم يوجد اتفاق يخالفه.
English: When the quantity of the thing sold is fixed in the contract, the vendor, subject to any agreement to the contrary, is liable for any deficiency in such quantity in accordance with custom. The purchaser has not, however, the right to demand cancellation of the contract by reason of such deficiency, unless he establishes that the deficiency is so great that if he had known of it he would not have entered into the contract. If, on the contrary, the quantity exceeds that indicated in the contract, and if the price has been fixed by unit, the purchaser must, when the object of the purchase cannot be divided, make up the price, unless the excess is very great, in which case he may demand cancellation of the contract, all subject to an agreement to the contrary.",Article 400 has been repealed [Art. 400].,1,
p03-en,en,At what age does a person reach majority under the Civil Code?,"[Art. 44] (الفصل الثاني: الأشخاص / الشخص الطبيعي)
Arabic: (١) كل شخص بلغ سن الرشد متمتعا بقواه العقلية ، ولم يحجر عليه ، يكون كامل الأهلية لمباشرة حقوقه المدنية .
(٢) وسن الرشد هى إحدى وعشرون سنة ميلادية كاملة .
English: All persons attaining majority in possession of their mental faculties and not under legal disability, have full legal capacity to exercise their civil rights. The majority of a person is fixed at twenty one years completed in accordance with the Gregorian calendar.

[Art. 46] (الفصل الثاني: الأشخاص / الشخص الطبيعي)
Arabic: كل من بلغ سن التمييز ولم يبلغ سن الرشد وكل من بلغ سن الرشد وكان سفيهاً أو ذا غفلة ' يكون ناقص الأهلية وفقاً لما يقرره القانون.
English: A person who has reached the age of discretion but has not attained majority and a person who has attained his majority but is a prodigal or an imbecile, has a limited legal capacity according to the provisions of the law.

[Art. 45] (الفصل الثاني: الأشخاص / الشخص الطبيعي)
Arabic: (١) لا يكون أهلا لمباشرة حقوقه المدنية من كان فاقد التمييز لصغر في السن أو عته أو جنون.
(٢) وكل من لم يبلغ السابعة يعتبر فاقداً للتمييز.
English: A person devoid of discretion, owing to youth, feeble mindedness or insanity is incapable of exercising his civil rights. A person who has not attained the age of seven is considered devoid of discretion.

[Art. 112] (الفصل الأول: العقد / أو- أركان العقد / الرضاء)
Arabic: إذا بلغ الصبى المميز الثامنة عشرة من عمره واذن له فى تسلم أمواله لإدارتها ، أو تسلمها بحكم القانون ، كانت أعمال الادارة الصادرة منه صحيحة فى الحدود التى رسمها القانون.
English: A minor possessing discretion, who has attained the age of eighteen years and has been authorized to take possession of his property in order to manage it, or has taken possession of his property by virtue of law, may validly perform acts of management within the limits of the law.

[Art. 518] (الفصل الرابع: الشركة / إدارة الشركة)
Arabic: إذا وجب أن يصدر قرار بالأغلبية ، تعين الأخذ بالأغلبية العددية ما لم يتفق على غير ذلك.
English: When a decision must be taken by the majority, it will in the absence of an agreement to the contrary, be decided by the numerical majority.",A person reaches majority at the age of twenty-one years completed according to the Gregorian calendar [Art. 44].,1,
p14-en,en,Does the seller guarantee that the buyer will not be disturbed in using the thing sold?,"[Art. 439] (الفصل الأول: البيع / التزامات البائع)
Arabic: يضمن البائع عدم التعرض للمشتري في الانتفاع بالمبيع كله أو بعضه سواء كان التعرض من فعله هو أو من فعل أجنبي يكون له وقت البيع حق على المبيع يحتج به على المشتري البيع إذا كان هذا الحق قد آل إليه من البائع نفسه.
English: The vendor warrants the purchaser against disturbance in his enjoyment of the thing sold both totally and partially, whether such disturbance is caused by his act or that of a third party having a right over the thing sold at the time of the sale enforceable against the purchaser. The vendor is bound by his warranty, even if the right of the third party has been established after the sale, provided that it was derived from the vendor himself.

[Art. 447] (الفصل الأول: البيع / التزامات البائع)
Arabic: (١) يكون البائع ملزما بالضمان إذا لم يتوافر في المبيع وقت التسليم الصفات التي كفل للمشتري وجودها فيه ، أو إذا كان بالمبيع عيب ينقص من قيمته أو من نفعه بحسب الغاية المقصودة مستفادة مما هو مبين في العقد أو مما هو ظاهر من طبيعة الشيء ، أو الغرض الذي أعد له ، ويضمن البائع هذا العيب ولو لم يكن عالما بوجوده.
(٢) ومع ذلك لا يضمن البائع العيوب التي كان المشتري يعرفها وقت البيع ، أو كان يستطيع أن يتبينها بنفسه لو أنه فحص المبيع بعناية الرجل العادي ، إلا إذا أثبت المشتري أن البائع قد أكد له خلو المبيع من هذا العيب ، أو أثبت أن البائع قد تعمد إخفاء العيب غشا منه.
English: The vendor is liable under his warranty, when, at the time of delivery, the thing sold does not possess the qualities the existence of which he guaranteed to the purchaser, or when the thing sold has defects diminishing its value or usefulness for the purpose for which it was intended, as shown by the contract or resulting from the nature or the destined use of the thing. The vendor is answerable for these defects, even if he was ignorant of their existence. The vendor, however, is not answerable for the defects of which the purchaser was aware at the time of the sale or which he could have discovered himself had he examined the thing with the care of a reasonable person, unless the purchaser proves that the vendor has affirmed to him the absence of these defects or fraudulently concealed them from him.

[Art. 457] (الفصل الأول: البيع / التزامات المشتري)
Arabic: (١) يكون الثمن مستحق الوفاء في الوقت الذي يسلم فيه المبيع ما لم يوجد اتفاق أو عرف يقضي بغير ذلك.
(٢) فإذا تعرض أحد للمشتري مستندا إلى حق سابق على البيع أو آيل من البائع ، أو إذا خيف على المبيع أن يترع من يد المشتري ، جاز له ما لم يمنعه شرط في العقد أن يحبس الثمن حتى ينقطع التعرض أو يزول الخطر . ومع ذلك يجوز للبائع في هذه الحالة أن يطالب باستيفاء الثمن على أن يقدم كفيلا.
(٣) ويسري حكم الفقرة السابقة في حالة ما إذا كشف المشتري عيبا في المبيع.
English: Subject to a clause or custom to the contrary, the price is payable at the time of delivery of the thing sold is made. When the purchaser is disturbed in his enjoyment by a third party invoking a right existing prior to the sale or derived from the vendor, or if he is in danger of being dispossessed of the thing sold, he may, subject to an agreement to the contrary, retain the price until the disturbance in his enjoyment or the danger of dispossession has ceased. The vendor may, however, in such a case, demand payment of the price upon his supplying security. The provisions of the preceding paragraph will also apply if the purchaser has discovered a defect in the thing sold.

[Art. 466] (الفصل الأول: البيع / بيع ملك الغير)
Arabic: (١) إذا باع شخص شيئا معينا بالذات وهو لا يملكه ، جاز للمشتري أن يطلب أبطال البيع . ويكون الأمر كذلك ولو وقع البيع على عقار ، سجل
العقد أو لم يسجل.
(٢) وفي كل حال لا يسري هذا البيع في حق المالك للعين المبيعة ولو أجاز المشتري العقد.
English: When a person sells a definite and ascertained thing of which he is not the owner, the purchaser may demand
the annulment of the sale. This rule also applies when the thing sold is an immovable, whether the deed has been transcribed or not. Such a sale cannot, in any case, have any effect as against the owner of the thing sold, even if the purchaser has ratified the contract.

[Art. 463] (الفصل الأول: البيع / التزامات المشتري)
Arabic: إذا لم يعين الاتفاق أو ا لعرف مكانا أو زمانا لتسلم للبيع وجب على المشتري أن يتسلمه ف المكان الذي يوجد فيه المبيع وقت البيع وأن ينقله دون إبطاء إلا ما يقتضيه النقل من زمن.
English: In the absence of agreement or usage indicating the place and time of delivery, the purchaser is bound to take delivery of the thing sold at the place where it was at the time of the sale and to remove it without delay, subject to the time necessary for such removal.","Yes, the seller guarantees that the buyer will not be disturbed in using the thing sold, whether the disturbance is caused by the seller or by a third party who has a right over the thing at the time of sale that is enforceable against the buyer [Art. 439]. This warranty also applies if the third party's right arose from the seller, even if it was established after the sale [Art. 439].",1,
p19-en,en,What is the right of pre-emption?,"[Art. 936] (الفصل الثاني: أسباب كسب الملكية / الشفعة / شروط الأخذبالشفعة)
Arabic: يثبت الحق فى الشفعة :
(أ) لمالك الرقبة إذا بيع كل حق الانتفاع الملابس لها أو بعضه.
(ب) للشريك فى الشيوع إذا بيع شيء من العقار الشائع إلى أجنبى .
)جـ) لصاحب حق الانتفاع إذا بيعت كل الرقبة الملابسة لهذا الحق أو بعضها .
(د) لمالك الرقبة فى الحكر إذا بيع حق الحكر ، وللمستحكر إذا بيعت الرقبة . )هـ) للجار المالك فى الأحوال الآتية : إذا كانت العقارات من المبانى أو من الأراضى المعدة للبناء سواء أكانت فى المدن أم فى القرى . إذا كان للأرض المبيعة حق إرتفاق على أرض الجار ، أو كان حق الارتفاق لأرض الجار على الأرض المبيعة . إذا كانت أرض الجار ملاصقة للأرض المبيعة من جهتين وتساوى من القيمة نصف ثمن الأرض المبيعة على الأقل
English: The right of preemption belongs: a- to the bare owner, in the case of a sale of all or part of the usufruct attached to a bare property;
b- to the co-owner in common, in case of a sale to a third party of a part of the property held in common; c- to the usufructuary, in case of a sale of all or part of the bare property which produces his usufruct; d- in case of hekr, to the bare owner if the sale relates to the right of hekr; and to the beneficiary of the hekr if the sale related to the bare property; e- to the neighboring owner in the following cases: i- in the case of buildings or building land whether situated in a town or in a village; ii- if the land enjoys a right of servitude over the land of a neighbor, or if a right of servitude exists in favor of the land of a neighbor over the land sold; iii- if the land of a neighbor adjoins the land sold on two sides and the value is at least half of the value of the land sold.

[Art. 935] (الفصل الثاني: أسباب كسب الملكية / الشفعة / شروط الأخذبالشفعة)
Arabic: الشفعة رخصة تجيز فى بيع العقار الحلول محل المشترى فى الأحوال وبالشروط المنصوص عليها فى المواد التالية .
English: Preemption is the opportunity that a person has to substitute himself in a sale of immovable property in the place of the purchaser, in the cases and subject to the conditions laid down in the following articles.

[Art. 940] (الفصل الثاني: أسباب كسب الملكية / إجراءات الشفعة)
Arabic: على من يريد الأخذ بالشفعة أن يعلن رغبته فيها إلى كل من البائع والمشترى خلال خمسة عشر يوما من تاريخ الإنذار الرسمى الذى يوجهه إليه البائع أو المشترى وإلا سقط حقه . ويزاد على تلك المدة ميعاد المسافة إذا اقتضى الأمر ذلك .
English: Whoever desires to exercise the right of preemption must, on pain of forfeiture of his right, notify both the vendor and the purchaser of his intention within a period of fifteen days from the date of a formal summons served on him either by the vendor or by the purchaser. This period is increased if necessary by the time allowance for distance.

[Art. 937] (الفصل الثاني: أسباب كسب الملكية / الشفعة / شروط الأخذبالشفعة)
Arabic: (١) إذا تزاحم الشفعاء يكون استعمال حق الشفعة على حسب الترتيب المنصوص عليه فى المادة السابقة .
(٢) وإذا تزاحم الشفعاء من طبقة واحدة ، فاستحقاق كل منهم للشفعة يكون على قدر نصيبه .
(٣) فإذا كان المشترى قد توافرت فيه الشروط التى كانت تجعله شفيعا بمقتضى نص المادة السابقة ، فإنه يفضل على الشفعاء الذين هم من بقته أو من طبقة أدنى ، ولكن يتقدمه الذين هم من طبقة أعلى .
English: When several persons preempt, the right of preemption will be exercised in the order set out in the preceding article. If several persons of the same degree exercise the right of preemption, the rights of preemption will belong to each one of them in proportion to his share. If a purchaser is, in accordance with the provisions laid down in the preceding article, entitled to exercise the right of preemption, he will be preferred to other preemptors of the same degree or of a lower degree, but those of a higher degree will have priority over him.

[Art. 944] (الفصل الثاني: أسباب كسب الملكية / إجراءات الشفعة)
Arabic: الحكم الذى يصدر نهائيا الشفعة يعتبر سندا لملكية الشفيع . وذلك دون إخلال بالقواعد المتعلقة بالتسجيل .
English: Without prejudice to the rules with regard to transcription, the judgment which finally establishes the right to preemption will constitute the title of the ownership of the preemptor.","The right of pre-emption is the opportunity for a person to substitute themselves for a purchaser in the sale of immovable property, under the conditions and cases specified by law [Art. 935]. It is granted to certain persons, such as co-owners, bare owners, usufructuaries, and neighboring owners, under specific circumstances [Art. 936]. The right must be exercised within fifteen days of a formal notice from the seller or buyer, with an extension possible for distance [Art. 940]. When multiple parties claim pre-emption, priority is determined by the legal order of preference or proportionally within the same class [Art. 937]. A final judgment on pre-emption serves as a title of ownership, subject to registration rules [Art. 944].",1,
p20-en,en,"Can someone become the owner of property just by possessing it for a long time, and after how long?","[Art. 923] (الفصل الثاني: أسباب كسب الملكية / الالتصاق / الالتصاق بالعقار)
Arabic: (١) يكون ملكا خالصا لصاحب الأرض ما يحدثه فيها من بناء أو غراس أو منشآت أخرى يقيمها بمواد مملوكة لغيرة ، إذا لم يكن ممكنا نزع هذه المواد دون أن يلحق هذه المنشآت ضرر جسيم ، أو كان ممكنا نزعها ولكن لم ترفع الدعوى باستردادها خلال سنة من اليوم الذى يعلم فيه مالك المواد أنها اندمجت فى هذه المنشآت .
(٢) فإذا تملك صاحب الأرض المواد ، كان عليه أن يدفع قيمته ا مع
التعويض إن كان له وجه . أما إذا استرد المواد صاحبها فإن نزعها يكون على نفقة صاحب الأرض .
English: Constructions, plantations and other works carried out with materials belonging to another, become the exclusive property of the owner of the land when the removal of these materials is not possible without seriously damaging the works, or even when it is possible to do so but proceedings to recover the property are not
commenced within a year from the date on which the owner of the materials knew of their incorporation in the works. When the owner of the land acquires the property of the materials, he must pay their value together with an indemnity, if indemnity is due. When, however, the owner of the materials recovers the materials, their removal must be effected at the cost of the owner of the land.

[Art. 968] (الفصل الثاني: أسباب كسب الملكية / آثار الحيازة / التقادم المكسب)
Arabic: من حاز منقولا أو عقارا دون أن يكون مالكا له ، أو حاز حقا عينيا على منقول أو عقار دون أن يكون هذا الحق خاصا به ، كان له أن يكسب ملكية الشيء أو الحق العينى إذا استمرت حيازته دون انقطاع خمس عشرة سنة .
English: A person who has possession of a movable or immovable without being its owner, or of a real right over a movable or immovable without a just title thereto, may acquire the ownership of the thing or the title to the real right if his possession continues uninterrupted for fifteen years.

[Art. 976] (الفصل الثاني: أسباب كسب الملكية / تملك المنقول بالحيازة)
Arabic: (١) من حاز بسبب صحيح منقولا أو حقا عينيا على منقول أو سندا لحامله فإنه يصبح مالكا له إذا كان حسن النية وقت حيازته .
(٢) فإذا كان حسن النية والسبب الصحيح قد توقر الذى الحائز فى اعتباره الشيء خاليا من التكاليف والقيود العينية ، فإنه بكسب الملكية خالصة منها .
(٣) الحيازة فى ذاتها قرينة على وجود السبب الصحيح وحسن النية ما لم الدليل على عكس ذلك .
English: A person in possession of a movable, of a real right over a movable or of a bearer warranty by virtue of a just title becomes the owner thereof if at the moment he acquired possession, he was of good faith. If he enters into possession in good faith by virtue of a just title, in the belief of the thing is free of all charges and encumbrances, he acquires the thing free of such charges and encumbrances. Subject to proof to the contrary, mere possession is a presumption of a just title and good faith.

[Art. 970] (الفصل الثاني: أسباب كسب الملكية / آثار الحيازة / التقادم المكسب)
Arabic: فى جميع الأحوال لا تكسب حقوق الإرث بالتقادم إلا إذا دامت الحيازة مدة ثلاث وثلاثين سنة . ولا يجوز تملك الأموال الخاصة المملوكة للدولة أو للأشخاص الاعتبارية العامة وكذلك أموال الوحدات الاقتصادية التابعة للمؤسسات العامة أو للهيئات العامة وشركات القطاع العام غير التابعة لأيهما والأوقاف الخيرية أو كسب أى حق عيني على هذه الأموال بالتقادم . ولا يجوز التعدي على الأموال المشار إليها بالفقرة السابقة وفى حالة حصول التعدي يكون للوزير المختص حق أزالته إداريا
English: In any case, wakf property and hereditary rights are only acquired by prescription by possession for thirty-three years.

[Art. 990] (الفصل الأول: حق الانتفاع وحق الاستعمال وحق السكن / حق الانتفاع)
Arabic: (١) على المنتفع أن يبذل من العناية فى حفظ الشيء ما يبذله الشخص المعتاد .
(٢) وهو مسئول عن هلاك الشيء ولو بسبب أجنبي إذا كان قد تأخر عن رده إلى صاحبة بعد انتهاء حق الانتفاع .
English: The usufructuary must preserve the thing with usual diligence of a normal man. He is responsible for the loss of the property even through no fault on his part, if he has delayed to restitute the property to its owner after the termination of the usufruct.","Yes, someone can become the owner of property by possessing it for a long time under the doctrine of acquisitive prescription. For movable or immovable property, uninterrupted possession for fifteen years allows the possessor to acquire ownership [Art. 968]. However, hereditary rights and rights to religious endowments (waqf) require thirty-three years of continuous possession [Art. 970]. Additionally, property owned by the state, public legal persons, public sector companies, or charitable endowments cannot be acquired by prescription [Art. 970]. Mere possession may also serve as proof of a just title and good faith, unless proven otherwise [Art. 976].",1,
p08-en,en,What can I do if the other party to a bilateral contract does not perform their obligation?,"[Art. 157] (الفصل الأول: العقد / انحلال العقد)
Arabic: (١) فى العقود الملزمة للجانبين ، إذا لم يوف أحد المتعاقدين بإلتزامه جاز للمتعاقد الآخر بعد اعذاره المدين أن يطالب بتنفيذ العقد أو بفسخه ، مع التعويض فى الهالتين أن كان له مقتض.
(٢) ويجوز للقاضى أن يمنح المدين اجلا إذا اقتضت الظروف ذلك ، كما يجوز له أن يرفض الفسخ إذا كان ما لم يرف به المدين قليل الأهمية بالنسبة إلى الإلتزام فى جملته.
English: In bilateral contracts (contrats synallagmatiques) if one of the parties does not perform his obligation, the other party may, after serving a formal summons on the debtor, demand the performance of the contract or its rescission, with damages, if due, in either case. The judge may grant additional time to the debtor, if it is necessary as a result of the circumstances. The judge may also reject an application for rescission when the part of the contract which the debtor has failed to perform is of little importance in comparison with the obligation in its entirety.

[Art. 161] (الفصل الأول: العقد / انحلال العقد)
Arabic: فى العقود الملزمة للجانبين إذا كانت الإلتزامات المتقابلة مستحقة الوفاء ، جاز لكل من المتعاقدين أن يمتنع عن تنفيذ إلتزامه إذا لم يقم المتعاقد الآخر بتنفيذ ما التزم به.
English: When, in the case of bilateral contract, correlative obligations are due for performance, either of the contracting parties may abstain from the performance of his obligation, if the other party does not perform his obligation.

[Art. 153] (الفصل الأول: العقد / آثار العقد)
Arabic: (١) إذا تعهد شخص بأن يجعل الغير يلتزم بأمر فلا يلزم الغير بتعهده ، فإذا رفض الغير أن يلتزم ، وجب على المتعهد أن يعوض من تعاقد معه ، ويجوز له مع ذلك أن يتخلص من التعويض بأن يقوم هو نفسه بتنفيذ الإلتزام الذى تعهد به.
(٢) اما إذا قبل الغير هذا التعهد ، فإن قبوله لا ينتج أثرا الا من وقت صدوره ، ما لم يتبين انه قصد صراحة أو ضمنا أن يستند أثر هذا القبول إلى الوقت الذى صدر فيه التعهد.
English: A person who binds himself to procure the performance of an obligation by a third party, does not in so doing bind the third party. If the third party refuses to perform the obligation, the person who bound himself to obtain such performance, will be liable to indemnify the other contracting party by himself performing the obligation, the performance of which he undertook to procure. In the event of the third party consenting to perform the obligation, his consent is effective only from the time that it is given, unless it is indicated expressly or by implication that the consent is retroactive as from the date of agreement between the contracting parties.

[Art. 746] (الفصل الثاني: المرتب مدى الحياة)
Arabic: إذا لم يقم المدين بالتزامه كان للمستحق أن يطلب تنفيذ العقد ، فإن كان العقد بعوض جاز له أيضاً أن يطلب فسخه مع التعويض إن كان له محل.
English: If the grantor does not fulfil his obligation, the beneficiary may demand due performance of the contract. He may also, if the contract is for valuable consideration, apply for the resiliation of the contract together with such damages as may be due.

[Art. 154] (الفصل الأول: العقد / آثار العقد)
Arabic: (١) يجوز للشخص أن يتعاقد باسمه على التزامات يشترطها لمصلحة الغير ، إذا كان له فى تنفيذ هذه الإلتزامات مصلحة شخصية عادية كانت أو أدبية.
(٢) ويترتب على هذا الإشتراط أن يكسب الغير حقا مباشرا قبل المتعهد بتنفيذ الإشتراط يستطيع أن يطالبه بوفائه ، ما لم يتفق على خلاف ذلك. ولكون لهذا المتعهد أن يتمسك قبل المنتفع بالدفوع التى تنشأ عن العقد.
(٣) ويجوز كذلك للمشترط أن يطالب بتنفيذ ما اشترط لمصلحة المنتفع ، الا إذا تبين من العقد أن المنتفع وحده هو الذى يجوز له ذلك.
English: A person may by a contract in his own name stipulate that an obligation shall be performed for the benefit of a third party, when he has a personal interest, material or moral, in the performance of such an obligation. As a result of such a stipulation and in the absence of an agreement to the contrary, the third party beneficiary acquires a direct right against the person who undertook to perform the obligation, and may call upon him to do so. The person who gave the undertaking may set up against the beneficiary the defenses arising out of the contract. The stipulation may also demand the performance of the obligation in favor of the beneficiary, unless it appears from the contract that performance may only be demanded by the beneficiary.","If the other party to a bilateral contract does not perform their obligation, you may, after serving a formal notice on the debtor, demand either specific performance of the contract or its rescission, and claim damages in either case [Art. 157]. You may also refuse to perform your own obligation if your obligation and the other party’s are due for performance at the same time [Art. 161]. If the contract is onerous, you may also apply for its termination along with damages [Art. 746]. The court may, however, grant the debtor additional time for performance or deny rescission if the breach is minor [Art. 157].",1,
p21-en,en,What is an official mortgage on real estate?,"[Art. 1033] (الفصل الأول: إنشاء الرهن)
Arabic: (١) إذا كان الراهن غير مالك للعقار المرهون فإن عقد الرهن يصبح صحيحاً إذا أقره المالك الحقيقي بورقة رسمية وإذا لم يصدر هذا القرار فإن حق الرهن لا يترتب على العقار إلا من الوقت الذى يصبح فيه هذا العقار مملوكاً للراهن .
(٢) ويقع باطلا رهن المال المستقبل .
English: If the mortgagor is not the owner of the mortgaged property, the mortgage contract becomes valid if ratified by the true owner of the property by an official deed. In the absence of ratification, the mortgage is only effective from the time that the immovable becomes the property of the mortgagor. A mortgage on property in expectancy is void.

[Art. 1035] (الفصل الأول: إنشاء الرهن)
Arabic: (١) لا يجوز أن يرد الرهن الرسمى إلا على عقار ما لم يوجد نص يقضى بغير ذلك .
(٢) ويجب أن يكون العاقر المرهون مما يصح التعامل فيه وبيعه بالمزاد العلني ، وأن يكون معينا بالذات تعييناً دقيقاً من حيث طبيعته وموقعه ، وأن يرد هذا التعيين أما فى عقد الرهن ذاته أو فى عقد رسمى لاحق ، وإلا وقع الرهن باطلا.
English: In the absence of any provision of the law to the contrary, a mortgage can only be constituted on immovable property. The mortgaged property must be marketable and capable of being sold by public auction; it must be specifically and precisely described both as regards its nature and situation, and such description must be contained either in the deed constituting the mortgage or in a subsequent authentic document, otherwise the mortgage is void.

[Art. 1030]
Arabic: الرهن الرسمي عقد به يكسب الدائن على عقار مخصص لوفاء دينه حقاً عينياً ، يكون له بمقتضاه أن يتقدم على الدائنين العاديين والدائنين التالين له فى المرتبة فى استيفاء حقه من ثمن ذلك العاقر فى أى يد يكون .
English: Mortgage is a contract by which a creditor acquires, over an immovable appropriated to the payment of his debt, a real right by which he obtains preference, over ordinary creditors and creditors following him in rank, for the payment of his claim out of the price of the immovable, no matter into whose hands the immovable has passed.

[Art. 1053] (الفصل الثاني: آثار الرهن / أثر الرهن بالنسبة إلى الغير)
Arabic: (١) لا يكون الرهن نافذا فى حق الغير إلا إذا قيد العقد أو الحكم المثبت للرهن قبل أن يكسب هذا الغير حقا عينيا على العقار ، وذلك دون إخلال بالأحكام المقررة فى الإفلاس .
(٢) لا يصح التمسك قبل الغير بتحويل حق مضمون بقيد ، ولا التمسك بالحق الناشئ من حلول شخص محل الدائن فى هذا الحق بحكم القانون أو الاتفاق ، ولا التمسك كذلك بالتنازل عن مرتبة القيد لمصلحة دائن آخر إلا إذا حصل التأشير بذلك فى هامش القيد الأصلى.
English: Subject to the provisions laid down for bankruptcy, a mortgage shall be effective as regards third parties only if the deed or the judgment establishing the mortgage has been inscribed before third parties have acquired real rights on the property. The assignment of a right secured by an inscription, the right resulting from the legal or contractual subrogation into that right and the assignment of priority in rank of an inscription in favor of another creditor, are only enforceable as against third parties if they are inscribed in the margin of the original inscription.

[Art. 1031] (الفصل الأول: إنشاء الرهن)
Arabic: (١) لا ينعقد الرهن إلا إذا كان بورقة رسمية .
(٢) ونفقات العقد على الراهن إلا إذا اتفق على غير ذلك .
English: A mortgage can only be constituted by an authentic document. The costs of this authentic document are, in the absence of an agreement to the contrary, borne by the mortgagor.","An official mortgage on real estate is a contract by which a creditor acquires a real right over an immovable property designated to secure the payment of a debt, giving the creditor priority over ordinary creditors and subsequent secured creditors in recovering the claim from the sale proceeds of the property, regardless of who owns it [Art. 1030]. It must be established by an authentic document [Art. 1031], and the mortgaged property must be immovable, marketable, capable of public auction, and precisely described in the deed or a subsequent official document [Art. 1035]. The mortgage is only effective against third parties if registered before they acquire real rights over the property [Art. 1053].",1,
